{
  "rulesDirectory": [
    "node_modules/codelyzer"
  ],
  "rules": {
    "class-name": true,
    "curly": true,
    "eofline": false,
    "indent": [
      "spaces"
    ],
    "member-ordering": [
      true,
      "public-before-private",
      "static-before-instance",
      "variables-before-functions"
    ],
    "no-arg": true,
    "no-construct": true,
    "no-duplicate-variable": true,
    "no-empty": true,
    "no-eval": true,
    "no-unused-expression": true,
    "no-use-before-declare": true,
    "one-line": [
      true,
      "check-open-brace",
      "check-catch",
      "check-else",
      "check-whitespace"
    ],
    "semicolon": true,
    "trailing-comma": true,
    "triple-equals": true,
    "variable-name": false,
    "use-input-property-decorator": true,
    "use-output-property-decorator": true,
    "use-host-property-decorator": true,
    "no-input-rename": true,
    "no-output-rename": true,
    "use-life-cycle-interface": true,
    "use-pipe-transform-interface": true,
    "component-class-suffix": true,
    "directive-class-suffix": true
  }
}