<settings>
    <localRepository>${m2.repository}</localRepository>
    <mirrors>
        <mirror>
            <id>frs</id>
            <mirrorOf>*,!gtioss-release-repo,!gtioss-plugin-frs-release,!IMIMAFITRADING,!IMIMAFITRADING-SNAPSHOT</mirrorOf>
            <url>http://repo-proxy.jpmchase.net/maven/content/groups/jpmc-public</url>
        </mirror>
    </mirrors>
    <profiles>
        <profile>
            <id>frs</id>
            <repositories>
                <repository>
                    <id>jpmc-public</id>
                    <url>http://repo-proxy.jpmchase.net/maven/content/groups/jpmc-public/</url>
                    <releases>
                        <enabled>true</enabled>
                    </releases>
                    <snapshots>
                        <enabled>true</enabled>
                    </snapshots>
                </repository>
                <repository>
                    <id>IMIMAFITRADING-SNAPSHOT</id>
                    <url>http://repo.jpmchase.net/maven/content/repositories/IMIMAFITRADING-SNAPSHOT/</url>
                    <releases>
                        <enabled>false</enabled>
                    </releases>
                    <snapshots>
                        <enabled>true</enabled>
                        <updatePolicy>always</updatePolicy>
                    </snapshots>
                </repository>
                <repository>
                    <id>IMIMAFITRADING</id>
                    <url>http://repo.jpmchase.net/maven/content/repositories/IMIMAFITRADING/</url>
                    <releases>
                        <enabled>true</enabled>
                    </releases>
                    <snapshots>
                        <enabled>false</enabled>
                    </snapshots>
                </repository>
                <repository>
                    <id>gtioss-release-repo</id>
                    <name>gtioss-frs-release</name>
                    <url>https://repo.jpmchase.net/maven/content/repositories/GTIOSS</url>
                    <layout>default</layout>
                    <releases>
                        <enabled>true</enabled>
                    </releases>
                    <snapshots>
                        <enabled>false</enabled>
                    </snapshots>
                </repository>
            </repositories>
            <pluginRepositories>
                <pluginRepository>
                    <id>jpmc-public</id>
                    <url>http://repo-proxy.jpmchase.net/maven/content/groups/jpmc-public/</url>
                    <releases>
                        <enabled>true</enabled>
                    </releases>
                    <snapshots>
                        <enabled>true</enabled>
                    </snapshots>
                </pluginRepository>
                <pluginRepository>
                    <id>gtioss-plugin-frs-release</id>
                    <name>gtioss-plugin-frs-release</name>
                    <url>https://repo.jpmchase.net/maven/content/repositories/GTIOSS</url>
                    <layout>default</layout>
                    <snapshots>
                        <enabled>false</enabled>
                    </snapshots>
                    <releases>
                        <enabled>true</enabled>
                    </releases>
                </pluginRepository>
            </pluginRepositories>
        </profile>
    </profiles>
    <activeProfiles>
        <activeProfile>frs</activeProfile>
    </activeProfiles>
    <pluginGroups>
        <pluginGroup>org.sonatype.plugins</pluginGroup>
    </pluginGroups>
    <servers>
        <server>
            <id>IMIMAFITRADING-SNAPSHOT</id>
            <username>emAGcjkG</username>
            <password>jcMrLd/HuAl19i3B53CUvL1kGI6gKC5NY/lO3ipZ6O9m</password>
        </server>
        <server>
            <id>IMIMAFITRADING</id>
            <username>emAGcjkG</username>
            <password>jcMrLd/HuAl19i3B53CUvL1kGI6gKC5NY/lO3ipZ6O9m</password>
        </server>
        <server>
            <id>gtioss-release-repo</id>
            <username>emAGcjkG</username>
            <password>jcMrLd/HuAl19i3B53CUvL1kGI6gKC5NY/lO3ipZ6O9m</password>
        </server>
        <server>
            <id>gtioss-plugin-frs-release</id>
            <username>emAGcjkG</username>
            <password>jcMrLd/HuAl19i3B53CUvL1kGI6gKC5NY/lO3ipZ6O9m</password>
        </server>
        <server>
            <id>seal-sso</id>
            <username>N142100</username>
            <password>{zVDtLcfIcC0HZtI7TkKpOOcq0ZIoyyR0xl86RkjASpc=}</password>
        </server>
    </servers>
</settings>
